<?xml version="1.0" encoding="utf-8"?>
<SampleMetadata>
	<ID>be2172e8-574b-402e-a1a9-6e14c968041b</ID>
	<IsFullApplication>false</IsFullApplication>
	<Level>Beginner</Level>
	<Tags>Xamarin.Forms, Dependency Service, liveplayer</Tags>
	<SupportedPlatforms>iOS, Android, Windows</SupportedPlatforms>
	<LicenseRequirement>Indie</LicenseRequirement>
	<Gallery>true</Gallery>
	<Brief>The sample shows how to implement text to speech on iOS, Android and Windows Phone using Xamarin.Forms but calling out to the native platform SDKs for speech.</Brief>
</SampleMetadata>
